{
  "S1_MIT": {
    "depths": [
      1,
      2,
      3,
      4,
      5,
      6
    ],
    "pareto_labels": [
      "10",
      "20",
      "30",
      "40",
      "50",
      "70",
      "80",
      "90",
      "None"
    ],
    "pareto_keys": [
      "bidir_pareto10",
      "bidir_pareto20",
      "bidir_pareto30",
      "bidir_pareto40",
      "bidir_pareto50",
      "bidir_pareto70",
      "bidir_pareto80",
      "bidir_pareto90",
      "bidir"
    ],
    "recall_matrix": [
      [
        0.10652920962199312,
        0.11168384879725086,
        0.1134020618556701,
        0.11855670103092783,
        0.1254295532646048,
        0.13058419243986255,
        0.1323024054982818,
        0.13402061855670103,
        0.140893470790378
      ],
      [
        0.4793814432989691,
        0.5962199312714777,
        0.6735395189003437,
        0.7457044673539519,
        0.7800687285223368,
        0.8350515463917526,
        0.8487972508591065,
        0.872852233676976,
        1.0
      ],
      [
        1.0,
        1.0,
        1.0,
        1.0,
        1.0,
        1.0,
        1.0,
        1.0,
        1.0
      ],
      [
        1.0,
        1.0,
        1.0,
        1.0,
        1.0,
        1.0,
        1.0,
        1.0,
        1.0
      ],
      [
        1.0,
        1.0,
        1.0,
        1.0,
        1.0,
        1.0,
        1.0,
        1.0,
        1.0
      ],
      [
        1.0,
        1.0,
        1.0,
        1.0,
        1.0,
        1.0,
        1.0,
        1.0,
        1.0
      ]
    ],
    "corpus_size_matrix": [
      [
        2385.0,
        4125.0,
        5492.0,
        7459.0,
        9231.0,
        12017.0,
        13533.0,
        15193.0,
        16704.0
      ],
      [
        16718.0,
        32945.0,
        47392.0,
        64313.0,
        80669.0,
        106180.0,
        116455.0,
        128435.0,
        149991.0
      ],
      [
        96488.0,
        186919.0,
        245405.0,
        307887.0,
        353775.0,
        417250.0,
        441093.0,
        464599.0,
        503630.0
      ],
      [
        279465.0,
        445320.0,
        533189.0,
        589987.0,
        627840.0,
        662188.0,
        670905.0,
        678073.0,
        687653.0
      ],
      [
        475118.0,
        617531.0,
        666835.0,
        686314.0,
        696580.0,
        703180.0,
        704417.0,
        705178.0,
        706277.0
      ],
      [
        589099.0,
        671991.0,
        694434.0,
        701285.0,
        704840.0,
        707109.0,
        707544.0,
        707852.0,
        708270.0
      ]
    ]
  },
  "S2_UCG": {
    "depths": [
      1,
      2,
      3,
      4,
      5,
      6
    ],
    "pareto_labels": [
      "10",
      "20",
      "30",
      "40",
      "50",
      "70",
      "80",
      "90",
      "None"
    ],
    "pareto_keys": [
      "bidir_pareto10",
      "bidir_pareto20",
      "bidir_pareto30",
      "bidir_pareto40",
      "bidir_pareto50",
      "bidir_pareto70",
      "bidir_pareto80",
      "bidir_pareto90",
      "bidir"
    ],
    "recall_matrix": [
      [
        0.07407407407407407,
        0.11342592592592593,
        0.1527777777777778,
        0.1712962962962963,
        0.21064814814814814,
        0.2962962962962963,
        0.3125,
        0.32175925925925924,
        0.3402777777777778
      ],
      [
        0.3148148148148148,
        0.5439814814814815,
        0.7361111111111112,
        0.8402777777777778,
        0.9120370370370371,
        0.9606481481481481,
        0.9768518518518519,
        0.9814814814814815,
        1.0
      ],
      [
        1.0,
        1.0,
        1.0,
        1.0,
        1.0,
        1.0,
        1.0,
        1.0,
        1.0
      ],
      [
        1.0,
        1.0,
        1.0,
        1.0,
        1.0,
        1.0,
        1.0,
        1.0,
        1.0
      ],
      [
        1.0,
        1.0,
        1.0,
        1.0,
        1.0,
        1.0,
        1.0,
        1.0,
        1.0
      ],
      [
        1.0,
        1.0,
        1.0,
        1.0,
        1.0,
        1.0,
        1.0,
        1.0,
        1.0
      ]
    ],
    "corpus_size_matrix": [
      [
        1555.0,
        2585.0,
        3736.0,
        4487.0,
        5595.0,
        7694.0,
        8561.0,
        9543.0,
        10500.0
      ],
      [
        12329.0,
        24209.0,
        38101.0,
        48216.0,
        62172.0,
        87766.0,
        97474.0,
        107706.0,
        138519.0
      ],
      [
        95998.0,
        192378.0,
        285766.0,
        339792.0,
        399104.0,
        471195.0,
        495012.0,
        514334.0,
        545127.0
      ],
      [
        309907.0,
        480576.0,
        580674.0,
        623721.0,
        652975.0,
        678308.0,
        684558.0,
        688468.0,
        694245.0
      ],
      [
        510288.0,
        631945.0,
        675810.0,
        691900.0,
        699601.0,
        704561.0,
        705650.0,
        706258.0,
        706959.0
      ],
      [
        606575.0,
        677259.0,
        696420.0,
        703015.0,
        705717.0,
        707405.0,
        707784.0,
        708056.0,
        708372.0
      ]
    ]
  },
  "S3_TOPO": {
    "depths": [
      1,
      2,
      3,
      4,
      5,
      6
    ],
    "pareto_labels": [
      "10",
      "20",
      "30",
      "40",
      "50",
      "70",
      "80",
      "90",
      "None"
    ],
    "pareto_keys": [
      "bidir_pareto10",
      "bidir_pareto20",
      "bidir_pareto30",
      "bidir_pareto40",
      "bidir_pareto50",
      "bidir_pareto70",
      "bidir_pareto80",
      "bidir_pareto90",
      "bidir"
    ],
    "recall_matrix": [
      [
        0.13178294573643412,
        0.21188630490956073,
        0.2532299741602067,
        0.27648578811369506,
        0.32299741602067183,
        0.37467700258397935,
        0.40310077519379844,
        0.4160206718346253,
        0.48320413436692505
      ],
      [
        0.5322997416020672,
        0.710594315245478,
        0.8010335917312662,
        0.8501291989664083,
        0.9069767441860465,
        0.9354005167958657,
        0.9431524547803618,
        0.9483204134366925,
        1.0
      ],
      [
        1.0,
        1.0,
        1.0,
        1.0,
        1.0,
        1.0,
        1.0,
        1.0,
        1.0
      ],
      [
        1.0,
        1.0,
        1.0,
        1.0,
        1.0,
        1.0,
        1.0,
        1.0,
        1.0
      ],
      [
        1.0,
        1.0,
        1.0,
        1.0,
        1.0,
        1.0,
        1.0,
        1.0,
        1.0
      ],
      [
        1.0,
        1.0,
        1.0,
        1.0,
        1.0,
        1.0,
        1.0,
        1.0,
        1.0
      ]
    ],
    "corpus_size_matrix": [
      [
        2518.0,
        4070.0,
        5359.0,
        6661.0,
        7844.0,
        10023.0,
        11213.0,
        12402.0,
        13452.0
      ],
      [
        23021.0,
        38694.0,
        49633.0,
        59192.0,
        67966.0,
        80558.0,
        86807.0,
        92336.0,
        102827.0
      ],
      [
        148719.0,
        229504.0,
        291383.0,
        327846.0,
        362895.0,
        409283.0,
        427559.0,
        443183.0,
        464686.0
      ],
      [
        381090.0,
        509289.0,
        577930.0,
        606339.0,
        631825.0,
        656044.0,
        663569.0,
        668384.0,
        675782.0
      ],
      [
        559801.0,
        642656.0,
        674487.0,
        686850.0,
        695476.0,
        702033.0,
        703636.0,
        704646.0,
        705637.0
      ],
      [
        625683.0,
        673853.0,
        691525.0,
        698354.0,
        702721.0,
        706203.0,
        707109.0,
        707744.0,
        708207.0
      ]
    ]
  }
}